files;actual_class;predicted_class
D:/GitHub/Datasets/Cifar10/train/bird/bird_0001.png;3;3
D:/GitHub/Datasets/Cifar10/train/bird/bird_0002.png;3;3
D:/GitHub/Datasets/Cifar10/train/bird/bird_0003.png;3;3
D:/GitHub/Datasets/Cifar10/train/bird/bird_0004.png;3;3
D:/GitHub/Datasets/Cifar10/train/bird/bird_0005.png;3;3
D:/GitHub/Datasets/Cifar10/train/bird/bird_0006.png;3;3
D:/GitHub/Datasets/Cifar10/train/bird/bird_0007.png;3;3
D:/GitHub/Datasets/Cifar10/train/bird/bird_0008.png;3;3
D:/GitHub/Datasets/Cifar10/train/bird/bird_0009.png;3;3
D:/GitHub/Datasets/Cifar10/train/bird/bird_0010.png;3;3
D:/GitHub/Datasets/Cifar10/train/bird/bird_0011.png;3;3
D:/GitHub/Datasets/Cifar10/train/bird/bird_0012.png;3;3
D:/GitHub/Datasets/Cifar10/train/bird/bird_0013.png;3;3
D:/GitHub/Datasets/Cifar10/train/bird/bird_0014.png;3;3
D:/GitHub/Datasets/Cifar10/train/bird/bird_0015.png;3;3
D:/GitHub/Datasets/Cifar10/train/bird/bird_0016.png;3;3
D:/GitHub/Datasets/Cifar10/train/bird/bird_0017.png;3;3
D:/GitHub/Datasets/Cifar10/train/bird/bird_0018.png;3;3
D:/GitHub/Datasets/Cifar10/train/bird/bird_0019.png;3;3
D:/GitHub/Datasets/Cifar10/train/bird/bird_0020.png;3;3
D:/GitHub/Datasets/Cifar10/train/bird/bird_0021.png;3;3
D:/GitHub/Datasets/Cifar10/train/bird/bird_0022.png;3;3
D:/GitHub/Datasets/Cifar10/train/bird/bird_0023.png;3;3
D:/GitHub/Datasets/Cifar10/train/bird/bird_0024.png;3;3
D:/GitHub/Datasets/Cifar10/train/bird/bird_0025.png;3;3
D:/GitHub/Datasets/Cifar10/train/bird/bird_0026.png;3;3
D:/GitHub/Datasets/Cifar10/train/bird/bird_0027.png;3;3
D:/GitHub/Datasets/Cifar10/train/bird/bird_0028.png;3;3
D:/GitHub/Datasets/Cifar10/train/bird/bird_0029.png;3;3
D:/GitHub/Datasets/Cifar10/train/bird/bird_0030.png;3;3
D:/GitHub/Datasets/Cifar10/train/bird/bird_0031.png;3;3
D:/GitHub/Datasets/Cifar10/train/bird/bird_0032.png;3;3
D:/GitHub/Datasets/Cifar10/train/bird/bird_0033.png;3;3
D:/GitHub/Datasets/Cifar10/train/bird/bird_0034.png;3;3
D:/GitHub/Datasets/Cifar10/train/bird/bird_0035.png;3;3
D:/GitHub/Datasets/Cifar10/train/bird/bird_0036.png;3;3
D:/GitHub/Datasets/Cifar10/train/bird/bird_0037.png;3;3
D:/GitHub/Datasets/Cifar10/train/bird/bird_0038.png;3;3
D:/GitHub/Datasets/Cifar10/train/bird/bird_0039.png;3;3
D:/GitHub/Datasets/Cifar10/train/bird/bird_0040.png;3;3
D:/GitHub/Datasets/Cifar10/train/bird/bird_0041.png;3;3
D:/GitHub/Datasets/Cifar10/train/bird/bird_0042.png;3;3
D:/GitHub/Datasets/Cifar10/train/bird/bird_0043.png;3;3
D:/GitHub/Datasets/Cifar10/train/bird/bird_0044.png;3;3
D:/GitHub/Datasets/Cifar10/train/bird/bird_0045.png;3;3
D:/GitHub/Datasets/Cifar10/train/bird/bird_0046.png;3;3
D:/GitHub/Datasets/Cifar10/train/bird/bird_0047.png;3;3
D:/GitHub/Datasets/Cifar10/train/bird/bird_0048.png;3;3
D:/GitHub/Datasets/Cifar10/train/bird/bird_0049.png;3;3
D:/GitHub/Datasets/Cifar10/train/bird/bird_0050.png;3;3
D:/GitHub/Datasets/Cifar10/train/bird/bird_0051.png;3;3
D:/GitHub/Datasets/Cifar10/train/bird/bird_0052.png;3;3
D:/GitHub/Datasets/Cifar10/train/bird/bird_0053.png;3;3
D:/GitHub/Datasets/Cifar10/train/bird/bird_0054.png;3;3
D:/GitHub/Datasets/Cifar10/train/bird/bird_0055.png;3;3
D:/GitHub/Datasets/Cifar10/train/bird/bird_0056.png;3;3
D:/GitHub/Datasets/Cifar10/train/bird/bird_0057.png;3;3
D:/GitHub/Datasets/Cifar10/train/bird/bird_0058.png;3;3
D:/GitHub/Datasets/Cifar10/train/bird/bird_0059.png;3;3
D:/GitHub/Datasets/Cifar10/train/bird/bird_0060.png;3;3
D:/GitHub/Datasets/Cifar10/train/bird/bird_0061.png;3;3
D:/GitHub/Datasets/Cifar10/train/bird/bird_0062.png;3;3
D:/GitHub/Datasets/Cifar10/train/bird/bird_0063.png;3;3
D:/GitHub/Datasets/Cifar10/train/bird/bird_0064.png;3;3
D:/GitHub/Datasets/Cifar10/train/bird/bird_0065.png;3;3
D:/GitHub/Datasets/Cifar10/train/bird/bird_0066.png;3;3
D:/GitHub/Datasets/Cifar10/train/bird/bird_0067.png;3;3
D:/GitHub/Datasets/Cifar10/train/bird/bird_0068.png;3;3
D:/GitHub/Datasets/Cifar10/train/bird/bird_0069.png;3;3
D:/GitHub/Datasets/Cifar10/train/bird/bird_0070.png;3;3
D:/GitHub/Datasets/Cifar10/train/bird/bird_0071.png;3;3
D:/GitHub/Datasets/Cifar10/train/bird/bird_0072.png;3;3
D:/GitHub/Datasets/Cifar10/train/bird/bird_0073.png;3;3
D:/GitHub/Datasets/Cifar10/train/bird/bird_0074.png;3;3
D:/GitHub/Datasets/Cifar10/train/bird/bird_0075.png;3;3
D:/GitHub/Datasets/Cifar10/train/bird/bird_0076.png;3;3
D:/GitHub/Datasets/Cifar10/train/bird/bird_0077.png;3;3
D:/GitHub/Datasets/Cifar10/train/bird/bird_0078.png;3;3
D:/GitHub/Datasets/Cifar10/train/bird/bird_0079.png;3;3
D:/GitHub/Datasets/Cifar10/train/bird/bird_0080.png;3;3
D:/GitHub/Datasets/Cifar10/train/bird/bird_0081.png;3;3
D:/GitHub/Datasets/Cifar10/train/bird/bird_0082.png;3;3
D:/GitHub/Datasets/Cifar10/train/bird/bird_0083.png;3;3
D:/GitHub/Datasets/Cifar10/train/bird/bird_0084.png;3;3
D:/GitHub/Datasets/Cifar10/train/bird/bird_0085.png;3;3
D:/GitHub/Datasets/Cifar10/train/bird/bird_0086.png;3;3
D:/GitHub/Datasets/Cifar10/train/bird/bird_0087.png;3;3
D:/GitHub/Datasets/Cifar10/train/bird/bird_0088.png;3;3
D:/GitHub/Datasets/Cifar10/train/bird/bird_0089.png;3;3
D:/GitHub/Datasets/Cifar10/train/bird/bird_0090.png;3;3
D:/GitHub/Datasets/Cifar10/train/bird/bird_0091.png;3;3
D:/GitHub/Datasets/Cifar10/train/bird/bird_0092.png;3;3
D:/GitHub/Datasets/Cifar10/train/bird/bird_0093.png;3;3
D:/GitHub/Datasets/Cifar10/train/bird/bird_0094.png;3;3
D:/GitHub/Datasets/Cifar10/train/bird/bird_0095.png;3;3
D:/GitHub/Datasets/Cifar10/train/bird/bird_0096.png;3;3
D:/GitHub/Datasets/Cifar10/train/bird/bird_0097.png;3;3
D:/GitHub/Datasets/Cifar10/train/bird/bird_0098.png;3;3
D:/GitHub/Datasets/Cifar10/train/bird/bird_0099.png;3;3
D:/GitHub/Datasets/Cifar10/train/bird/bird_0100.png;3;3
D:/GitHub/Datasets/Cifar10/train/bird/bird_0101.png;3;3
D:/GitHub/Datasets/Cifar10/train/bird/bird_0102.png;3;3
D:/GitHub/Datasets/Cifar10/train/bird/bird_0103.png;3;3
D:/GitHub/Datasets/Cifar10/train/bird/bird_0104.png;3;3
D:/GitHub/Datasets/Cifar10/train/bird/bird_0105.png;3;3
D:/GitHub/Datasets/Cifar10/train/bird/bird_0106.png;3;3
D:/GitHub/Datasets/Cifar10/train/bird/bird_0107.png;3;3
D:/GitHub/Datasets/Cifar10/train/bird/bird_0108.png;3;3
D:/GitHub/Datasets/Cifar10/train/bird/bird_0109.png;3;3
D:/GitHub/Datasets/Cifar10/train/bird/bird_0110.png;3;3
D:/GitHub/Datasets/Cifar10/train/bird/bird_0111.png;3;3
D:/GitHub/Datasets/Cifar10/train/bird/bird_0112.png;3;3
D:/GitHub/Datasets/Cifar10/train/bird/bird_0113.png;3;3
D:/GitHub/Datasets/Cifar10/train/bird/bird_0114.png;3;3
D:/GitHub/Datasets/Cifar10/train/bird/bird_0115.png;3;3
D:/GitHub/Datasets/Cifar10/train/bird/bird_0116.png;3;3
D:/GitHub/Datasets/Cifar10/train/bird/bird_0117.png;3;3
D:/GitHub/Datasets/Cifar10/train/bird/bird_0118.png;3;3
D:/GitHub/Datasets/Cifar10/train/bird/bird_0119.png;3;3
D:/GitHub/Datasets/Cifar10/train/bird/bird_0120.png;3;3
D:/GitHub/Datasets/Cifar10/train/bird/bird_0121.png;3;3
D:/GitHub/Datasets/Cifar10/train/bird/bird_0122.png;3;3
D:/GitHub/Datasets/Cifar10/train/bird/bird_0123.png;3;3
D:/GitHub/Datasets/Cifar10/train/bird/bird_0124.png;3;3
D:/GitHub/Datasets/Cifar10/train/bird/bird_0125.png;3;3
D:/GitHub/Datasets/Cifar10/train/bird/bird_0126.png;3;3
D:/GitHub/Datasets/Cifar10/train/bird/bird_0127.png;3;3
D:/GitHub/Datasets/Cifar10/train/bird/bird_0128.png;3;3
D:/GitHub/Datasets/Cifar10/train/bird/bird_0129.png;3;3
D:/GitHub/Datasets/Cifar10/train/bird/bird_0130.png;3;3
D:/GitHub/Datasets/Cifar10/train/bird/bird_0131.png;3;3
D:/GitHub/Datasets/Cifar10/train/bird/bird_0132.png;3;3
D:/GitHub/Datasets/Cifar10/train/bird/bird_0133.png;3;3
D:/GitHub/Datasets/Cifar10/train/bird/bird_0134.png;3;3
D:/GitHub/Datasets/Cifar10/train/bird/bird_0135.png;3;3
D:/GitHub/Datasets/Cifar10/train/bird/bird_0136.png;3;3
D:/GitHub/Datasets/Cifar10/train/bird/bird_0137.png;3;3
D:/GitHub/Datasets/Cifar10/train/bird/bird_0138.png;3;3
D:/GitHub/Datasets/Cifar10/train/bird/bird_0139.png;3;3
D:/GitHub/Datasets/Cifar10/train/bird/bird_0140.png;3;3
D:/GitHub/Datasets/Cifar10/train/bird/bird_0141.png;3;3
D:/GitHub/Datasets/Cifar10/train/bird/bird_0142.png;3;3
D:/GitHub/Datasets/Cifar10/train/bird/bird_0143.png;3;3
D:/GitHub/Datasets/Cifar10/train/bird/bird_0144.png;3;3
D:/GitHub/Datasets/Cifar10/train/bird/bird_0145.png;3;3
D:/GitHub/Datasets/Cifar10/train/bird/bird_0146.png;3;3
D:/GitHub/Datasets/Cifar10/train/bird/bird_0147.png;3;3
D:/GitHub/Datasets/Cifar10/train/bird/bird_0148.png;3;3
D:/GitHub/Datasets/Cifar10/train/bird/bird_0149.png;3;3
D:/GitHub/Datasets/Cifar10/train/bird/bird_0150.png;3;3
D:/GitHub/Datasets/Cifar10/train/bird/bird_0151.png;3;3
D:/GitHub/Datasets/Cifar10/train/bird/bird_0152.png;3;3
D:/GitHub/Datasets/Cifar10/train/bird/bird_0153.png;3;3
D:/GitHub/Datasets/Cifar10/train/bird/bird_0154.png;3;3
D:/GitHub/Datasets/Cifar10/train/bird/bird_0155.png;3;3
D:/GitHub/Datasets/Cifar10/train/bird/bird_0156.png;3;3
D:/GitHub/Datasets/Cifar10/train/bird/bird_0157.png;3;3
D:/GitHub/Datasets/Cifar10/train/bird/bird_0158.png;3;3
D:/GitHub/Datasets/Cifar10/train/bird/bird_0159.png;3;3
D:/GitHub/Datasets/Cifar10/train/bird/bird_0160.png;3;3
D:/GitHub/Datasets/Cifar10/train/bird/bird_0161.png;3;3
D:/GitHub/Datasets/Cifar10/train/bird/bird_0162.png;3;3
D:/GitHub/Datasets/Cifar10/train/bird/bird_0163.png;3;3
D:/GitHub/Datasets/Cifar10/train/bird/bird_0164.png;3;3
D:/GitHub/Datasets/Cifar10/train/bird/bird_0165.png;3;3
D:/GitHub/Datasets/Cifar10/train/bird/bird_0166.png;3;3
D:/GitHub/Datasets/Cifar10/train/bird/bird_0167.png;3;3
D:/GitHub/Datasets/Cifar10/train/bird/bird_0168.png;3;3
D:/GitHub/Datasets/Cifar10/train/bird/bird_0169.png;3;3
D:/GitHub/Datasets/Cifar10/train/bird/bird_0170.png;3;3
D:/GitHub/Datasets/Cifar10/train/bird/bird_0171.png;3;3
D:/GitHub/Datasets/Cifar10/train/bird/bird_0172.png;3;3
D:/GitHub/Datasets/Cifar10/train/bird/bird_0173.png;3;3
D:/GitHub/Datasets/Cifar10/train/bird/bird_0174.png;3;3
D:/GitHub/Datasets/Cifar10/train/bird/bird_0175.png;3;3
D:/GitHub/Datasets/Cifar10/train/bird/bird_0176.png;3;3
D:/GitHub/Datasets/Cifar10/train/bird/bird_0177.png;3;3
D:/GitHub/Datasets/Cifar10/train/bird/bird_0178.png;3;3
D:/GitHub/Datasets/Cifar10/train/bird/bird_0179.png;3;3
D:/GitHub/Datasets/Cifar10/train/bird/bird_0180.png;3;3
D:/GitHub/Datasets/Cifar10/train/bird/bird_0181.png;3;3
D:/GitHub/Datasets/Cifar10/train/bird/bird_0182.png;3;3
D:/GitHub/Datasets/Cifar10/train/bird/bird_0183.png;3;3
D:/GitHub/Datasets/Cifar10/train/bird/bird_0184.png;3;3
D:/GitHub/Datasets/Cifar10/train/bird/bird_0185.png;3;3
D:/GitHub/Datasets/Cifar10/train/bird/bird_0186.png;3;3
D:/GitHub/Datasets/Cifar10/train/bird/bird_0187.png;3;3
D:/GitHub/Datasets/Cifar10/train/bird/bird_0188.png;3;3
D:/GitHub/Datasets/Cifar10/train/bird/bird_0189.png;3;3
D:/GitHub/Datasets/Cifar10/train/bird/bird_0190.png;3;3
D:/GitHub/Datasets/Cifar10/train/bird/bird_0191.png;3;3
D:/GitHub/Datasets/Cifar10/train/bird/bird_0192.png;3;3
D:/GitHub/Datasets/Cifar10/train/bird/bird_0193.png;3;3
D:/GitHub/Datasets/Cifar10/train/bird/bird_0194.png;3;3
D:/GitHub/Datasets/Cifar10/train/bird/bird_0195.png;3;3
D:/GitHub/Datasets/Cifar10/train/bird/bird_0196.png;3;3
D:/GitHub/Datasets/Cifar10/train/bird/bird_0197.png;3;3
D:/GitHub/Datasets/Cifar10/train/bird/bird_0198.png;3;3
D:/GitHub/Datasets/Cifar10/train/bird/bird_0199.png;3;3
D:/GitHub/Datasets/Cifar10/train/bird/bird_0200.png;3;3
D:/GitHub/Datasets/Cifar10/train/bird/bird_0201.png;3;3
D:/GitHub/Datasets/Cifar10/train/bird/bird_0202.png;3;3
D:/GitHub/Datasets/Cifar10/train/bird/bird_0203.png;3;3
D:/GitHub/Datasets/Cifar10/train/bird/bird_0204.png;3;3
D:/GitHub/Datasets/Cifar10/train/bird/bird_0205.png;3;3
D:/GitHub/Datasets/Cifar10/train/bird/bird_0206.png;3;3
D:/GitHub/Datasets/Cifar10/train/bird/bird_0207.png;3;3
D:/GitHub/Datasets/Cifar10/train/bird/bird_0208.png;3;3
D:/GitHub/Datasets/Cifar10/train/bird/bird_0209.png;3;3
D:/GitHub/Datasets/Cifar10/train/bird/bird_0210.png;3;3
D:/GitHub/Datasets/Cifar10/train/bird/bird_0211.png;3;3
D:/GitHub/Datasets/Cifar10/train/bird/bird_0212.png;3;3
D:/GitHub/Datasets/Cifar10/train/bird/bird_0213.png;3;3
D:/GitHub/Datasets/Cifar10/train/bird/bird_0214.png;3;3
D:/GitHub/Datasets/Cifar10/train/bird/bird_0215.png;3;3
D:/GitHub/Datasets/Cifar10/train/bird/bird_0216.png;3;3
D:/GitHub/Datasets/Cifar10/train/bird/bird_0217.png;3;3
D:/GitHub/Datasets/Cifar10/train/bird/bird_0218.png;3;3
D:/GitHub/Datasets/Cifar10/train/bird/bird_0219.png;3;3
D:/GitHub/Datasets/Cifar10/train/bird/bird_0220.png;3;3
D:/GitHub/Datasets/Cifar10/train/bird/bird_0221.png;3;3
D:/GitHub/Datasets/Cifar10/train/bird/bird_0222.png;3;3
D:/GitHub/Datasets/Cifar10/train/bird/bird_0223.png;3;3
D:/GitHub/Datasets/Cifar10/train/bird/bird_0224.png;3;3
D:/GitHub/Datasets/Cifar10/train/bird/bird_0225.png;3;3
D:/GitHub/Datasets/Cifar10/train/bird/bird_0226.png;3;3
D:/GitHub/Datasets/Cifar10/train/bird/bird_0227.png;3;3
D:/GitHub/Datasets/Cifar10/train/bird/bird_0228.png;3;3
D:/GitHub/Datasets/Cifar10/train/bird/bird_0229.png;3;3
D:/GitHub/Datasets/Cifar10/train/bird/bird_0230.png;3;3
D:/GitHub/Datasets/Cifar10/train/bird/bird_0231.png;3;3
D:/GitHub/Datasets/Cifar10/train/bird/bird_0232.png;3;3
D:/GitHub/Datasets/Cifar10/train/bird/bird_0233.png;3;3
D:/GitHub/Datasets/Cifar10/train/bird/bird_0234.png;3;3
D:/GitHub/Datasets/Cifar10/train/bird/bird_0235.png;3;3
D:/GitHub/Datasets/Cifar10/train/bird/bird_0236.png;3;3
D:/GitHub/Datasets/Cifar10/train/bird/bird_0237.png;3;3
D:/GitHub/Datasets/Cifar10/train/bird/bird_0238.png;3;3
D:/GitHub/Datasets/Cifar10/train/bird/bird_0239.png;3;3
D:/GitHub/Datasets/Cifar10/train/bird/bird_0240.png;3;3
D:/GitHub/Datasets/Cifar10/train/bird/bird_0241.png;3;3
D:/GitHub/Datasets/Cifar10/train/bird/bird_0242.png;3;3
D:/GitHub/Datasets/Cifar10/train/bird/bird_0243.png;3;3
D:/GitHub/Datasets/Cifar10/train/bird/bird_0244.png;3;3
D:/GitHub/Datasets/Cifar10/train/bird/bird_0245.png;3;3
D:/GitHub/Datasets/Cifar10/train/bird/bird_0246.png;3;3
D:/GitHub/Datasets/Cifar10/train/bird/bird_0247.png;3;3
D:/GitHub/Datasets/Cifar10/train/bird/bird_0248.png;3;3
D:/GitHub/Datasets/Cifar10/train/bird/bird_0249.png;3;3
D:/GitHub/Datasets/Cifar10/train/bird/bird_0250.png;3;3
D:/GitHub/Datasets/Cifar10/train/bird/bird_0251.png;3;3
D:/GitHub/Datasets/Cifar10/train/bird/bird_0252.png;3;3
D:/GitHub/Datasets/Cifar10/train/bird/bird_0253.png;3;3
D:/GitHub/Datasets/Cifar10/train/bird/bird_0254.png;3;3
D:/GitHub/Datasets/Cifar10/train/bird/bird_0255.png;3;3
D:/GitHub/Datasets/Cifar10/train/bird/bird_0256.png;3;3
D:/GitHub/Datasets/Cifar10/train/bird/bird_0257.png;3;3
D:/GitHub/Datasets/Cifar10/train/bird/bird_0258.png;3;3
D:/GitHub/Datasets/Cifar10/train/bird/bird_0259.png;3;3
D:/GitHub/Datasets/Cifar10/train/bird/bird_0260.png;3;3
D:/GitHub/Datasets/Cifar10/train/bird/bird_0261.png;3;3
D:/GitHub/Datasets/Cifar10/train/bird/bird_0262.png;3;3
D:/GitHub/Datasets/Cifar10/train/bird/bird_0263.png;3;3
D:/GitHub/Datasets/Cifar10/train/bird/bird_0264.png;3;3
D:/GitHub/Datasets/Cifar10/train/bird/bird_0265.png;3;3
D:/GitHub/Datasets/Cifar10/train/bird/bird_0266.png;3;3
D:/GitHub/Datasets/Cifar10/train/bird/bird_0267.png;3;3
D:/GitHub/Datasets/Cifar10/train/bird/bird_0268.png;3;3
D:/GitHub/Datasets/Cifar10/train/bird/bird_0269.png;3;3
D:/GitHub/Datasets/Cifar10/train/bird/bird_0270.png;3;3
D:/GitHub/Datasets/Cifar10/train/bird/bird_0271.png;3;3
D:/GitHub/Datasets/Cifar10/train/bird/bird_0272.png;3;3
D:/GitHub/Datasets/Cifar10/train/bird/bird_0273.png;3;3
D:/GitHub/Datasets/Cifar10/train/bird/bird_0274.png;3;3
D:/GitHub/Datasets/Cifar10/train/bird/bird_0275.png;3;3
D:/GitHub/Datasets/Cifar10/train/bird/bird_0276.png;3;3
D:/GitHub/Datasets/Cifar10/train/bird/bird_0277.png;3;3
D:/GitHub/Datasets/Cifar10/train/bird/bird_0278.png;3;3
D:/GitHub/Datasets/Cifar10/train/bird/bird_0279.png;3;3
D:/GitHub/Datasets/Cifar10/train/bird/bird_0280.png;3;3
D:/GitHub/Datasets/Cifar10/train/bird/bird_0281.png;3;3
D:/GitHub/Datasets/Cifar10/train/bird/bird_0282.png;3;3
D:/GitHub/Datasets/Cifar10/train/bird/bird_0283.png;3;3
D:/GitHub/Datasets/Cifar10/train/bird/bird_0284.png;3;3
D:/GitHub/Datasets/Cifar10/train/bird/bird_0285.png;3;3
D:/GitHub/Datasets/Cifar10/train/bird/bird_0286.png;3;3
D:/GitHub/Datasets/Cifar10/train/bird/bird_0287.png;3;3
D:/GitHub/Datasets/Cifar10/train/bird/bird_0288.png;3;3
D:/GitHub/Datasets/Cifar10/train/bird/bird_0289.png;3;3
D:/GitHub/Datasets/Cifar10/train/bird/bird_0290.png;3;3
D:/GitHub/Datasets/Cifar10/train/bird/bird_0291.png;3;3
D:/GitHub/Datasets/Cifar10/train/bird/bird_0292.png;3;3
D:/GitHub/Datasets/Cifar10/train/bird/bird_0293.png;3;3
D:/GitHub/Datasets/Cifar10/train/bird/bird_0294.png;3;3
D:/GitHub/Datasets/Cifar10/train/bird/bird_0295.png;3;3
D:/GitHub/Datasets/Cifar10/train/bird/bird_0296.png;3;3
D:/GitHub/Datasets/Cifar10/train/bird/bird_0297.png;3;3
D:/GitHub/Datasets/Cifar10/train/bird/bird_0298.png;3;3
D:/GitHub/Datasets/Cifar10/train/bird/bird_0299.png;3;3
D:/GitHub/Datasets/Cifar10/train/bird/bird_0300.png;3;3
D:/GitHub/Datasets/Cifar10/train/bird/bird_0301.png;3;3
D:/GitHub/Datasets/Cifar10/train/bird/bird_0302.png;3;3
D:/GitHub/Datasets/Cifar10/train/bird/bird_0303.png;3;3
D:/GitHub/Datasets/Cifar10/train/bird/bird_0304.png;3;3
D:/GitHub/Datasets/Cifar10/train/bird/bird_0305.png;3;3
D:/GitHub/Datasets/Cifar10/train/bird/bird_0306.png;3;3
D:/GitHub/Datasets/Cifar10/train/bird/bird_0307.png;3;3
D:/GitHub/Datasets/Cifar10/train/bird/bird_0308.png;3;3
D:/GitHub/Datasets/Cifar10/train/bird/bird_0309.png;3;3
D:/GitHub/Datasets/Cifar10/train/bird/bird_0310.png;3;3
D:/GitHub/Datasets/Cifar10/train/bird/bird_0311.png;3;3
D:/GitHub/Datasets/Cifar10/train/bird/bird_0312.png;3;3
D:/GitHub/Datasets/Cifar10/train/bird/bird_0313.png;3;3
D:/GitHub/Datasets/Cifar10/train/bird/bird_0314.png;3;3
D:/GitHub/Datasets/Cifar10/train/bird/bird_0315.png;3;3
D:/GitHub/Datasets/Cifar10/train/bird/bird_0316.png;3;3
D:/GitHub/Datasets/Cifar10/train/bird/bird_0317.png;3;3
D:/GitHub/Datasets/Cifar10/train/bird/bird_0318.png;3;3
D:/GitHub/Datasets/Cifar10/train/bird/bird_0319.png;3;3
D:/GitHub/Datasets/Cifar10/train/bird/bird_0320.png;3;3
D:/GitHub/Datasets/Cifar10/train/bird/bird_0321.png;3;3
D:/GitHub/Datasets/Cifar10/train/bird/bird_0322.png;3;3
D:/GitHub/Datasets/Cifar10/train/bird/bird_0323.png;3;3
D:/GitHub/Datasets/Cifar10/train/bird/bird_0324.png;3;3
D:/GitHub/Datasets/Cifar10/train/bird/bird_0325.png;3;3
D:/GitHub/Datasets/Cifar10/train/bird/bird_0326.png;3;3
D:/GitHub/Datasets/Cifar10/train/bird/bird_0327.png;3;3
D:/GitHub/Datasets/Cifar10/train/bird/bird_0328.png;3;3
D:/GitHub/Datasets/Cifar10/train/bird/bird_0329.png;3;3
D:/GitHub/Datasets/Cifar10/train/bird/bird_0330.png;3;3
D:/GitHub/Datasets/Cifar10/train/bird/bird_0331.png;3;3
D:/GitHub/Datasets/Cifar10/train/bird/bird_0332.png;3;3
D:/GitHub/Datasets/Cifar10/train/bird/bird_0333.png;3;3
D:/GitHub/Datasets/Cifar10/train/bird/bird_0334.png;3;3
D:/GitHub/Datasets/Cifar10/train/bird/bird_0335.png;3;3
D:/GitHub/Datasets/Cifar10/train/bird/bird_0336.png;3;3
D:/GitHub/Datasets/Cifar10/train/bird/bird_0337.png;3;3
D:/GitHub/Datasets/Cifar10/train/bird/bird_0338.png;3;3
D:/GitHub/Datasets/Cifar10/train/bird/bird_0339.png;3;3
D:/GitHub/Datasets/Cifar10/train/bird/bird_0340.png;3;3
D:/GitHub/Datasets/Cifar10/train/bird/bird_0341.png;3;3
D:/GitHub/Datasets/Cifar10/train/bird/bird_0342.png;3;3
D:/GitHub/Datasets/Cifar10/train/bird/bird_0343.png;3;3
D:/GitHub/Datasets/Cifar10/train/bird/bird_0344.png;3;3
D:/GitHub/Datasets/Cifar10/train/bird/bird_0345.png;3;3
D:/GitHub/Datasets/Cifar10/train/bird/bird_0346.png;3;3
D:/GitHub/Datasets/Cifar10/train/bird/bird_0347.png;3;3
D:/GitHub/Datasets/Cifar10/train/bird/bird_0348.png;3;3
D:/GitHub/Datasets/Cifar10/train/bird/bird_0349.png;3;3
D:/GitHub/Datasets/Cifar10/train/bird/bird_0350.png;3;3
D:/GitHub/Datasets/Cifar10/train/bird/bird_0351.png;3;3
D:/GitHub/Datasets/Cifar10/train/bird/bird_0352.png;3;3
D:/GitHub/Datasets/Cifar10/train/bird/bird_0353.png;3;3
D:/GitHub/Datasets/Cifar10/train/bird/bird_0354.png;3;3
D:/GitHub/Datasets/Cifar10/train/bird/bird_0355.png;3;3
D:/GitHub/Datasets/Cifar10/train/bird/bird_0356.png;3;3
D:/GitHub/Datasets/Cifar10/train/bird/bird_0357.png;3;3
D:/GitHub/Datasets/Cifar10/train/bird/bird_0358.png;3;3
D:/GitHub/Datasets/Cifar10/train/bird/bird_0359.png;3;3
D:/GitHub/Datasets/Cifar10/train/bird/bird_0360.png;3;3
D:/GitHub/Datasets/Cifar10/train/bird/bird_0361.png;3;3
D:/GitHub/Datasets/Cifar10/train/bird/bird_0362.png;3;3
D:/GitHub/Datasets/Cifar10/train/bird/bird_0363.png;3;3
D:/GitHub/Datasets/Cifar10/train/bird/bird_0364.png;3;3
D:/GitHub/Datasets/Cifar10/train/bird/bird_0365.png;3;3
D:/GitHub/Datasets/Cifar10/train/bird/bird_0366.png;3;3
D:/GitHub/Datasets/Cifar10/train/bird/bird_0367.png;3;3
D:/GitHub/Datasets/Cifar10/train/bird/bird_0368.png;3;3
D:/GitHub/Datasets/Cifar10/train/bird/bird_0369.png;3;3
D:/GitHub/Datasets/Cifar10/train/bird/bird_0370.png;3;3
D:/GitHub/Datasets/Cifar10/train/bird/bird_0371.png;3;3
D:/GitHub/Datasets/Cifar10/train/bird/bird_0372.png;3;3
D:/GitHub/Datasets/Cifar10/train/bird/bird_0373.png;3;3
D:/GitHub/Datasets/Cifar10/train/bird/bird_0374.png;3;3
D:/GitHub/Datasets/Cifar10/train/bird/bird_0375.png;3;3
D:/GitHub/Datasets/Cifar10/train/bird/bird_0376.png;3;3
D:/GitHub/Datasets/Cifar10/train/bird/bird_0377.png;3;3
D:/GitHub/Datasets/Cifar10/train/bird/bird_0378.png;3;3
D:/GitHub/Datasets/Cifar10/train/bird/bird_0379.png;3;3
D:/GitHub/Datasets/Cifar10/train/bird/bird_0380.png;3;3
D:/GitHub/Datasets/Cifar10/train/bird/bird_0381.png;3;3
D:/GitHub/Datasets/Cifar10/train/bird/bird_0382.png;3;3
D:/GitHub/Datasets/Cifar10/train/bird/bird_0383.png;3;3
D:/GitHub/Datasets/Cifar10/train/bird/bird_0384.png;3;3
D:/GitHub/Datasets/Cifar10/train/bird/bird_0385.png;3;3
D:/GitHub/Datasets/Cifar10/train/bird/bird_0386.png;3;3
D:/GitHub/Datasets/Cifar10/train/bird/bird_0387.png;3;3
D:/GitHub/Datasets/Cifar10/train/bird/bird_0388.png;3;3
D:/GitHub/Datasets/Cifar10/train/bird/bird_0389.png;3;3
D:/GitHub/Datasets/Cifar10/train/bird/bird_0390.png;3;3
D:/GitHub/Datasets/Cifar10/train/bird/bird_0391.png;3;3
D:/GitHub/Datasets/Cifar10/train/bird/bird_0392.png;3;3
D:/GitHub/Datasets/Cifar10/train/bird/bird_0393.png;3;3
D:/GitHub/Datasets/Cifar10/train/bird/bird_0394.png;3;3
D:/GitHub/Datasets/Cifar10/train/bird/bird_0395.png;3;3
D:/GitHub/Datasets/Cifar10/train/bird/bird_0396.png;3;3
D:/GitHub/Datasets/Cifar10/train/bird/bird_0397.png;3;3
D:/GitHub/Datasets/Cifar10/train/bird/bird_0398.png;3;3
D:/GitHub/Datasets/Cifar10/train/bird/bird_0399.png;3;3
D:/GitHub/Datasets/Cifar10/train/bird/bird_0400.png;3;3
D:/GitHub/Datasets/Cifar10/train/bird/bird_0401.png;3;3
D:/GitHub/Datasets/Cifar10/train/bird/bird_0402.png;3;3
D:/GitHub/Datasets/Cifar10/train/bird/bird_0403.png;3;3
D:/GitHub/Datasets/Cifar10/train/bird/bird_0404.png;3;3
D:/GitHub/Datasets/Cifar10/train/bird/bird_0405.png;3;3
D:/GitHub/Datasets/Cifar10/train/bird/bird_0406.png;3;3
D:/GitHub/Datasets/Cifar10/train/bird/bird_0407.png;3;3
D:/GitHub/Datasets/Cifar10/train/bird/bird_0408.png;3;3
D:/GitHub/Datasets/Cifar10/train/bird/bird_0409.png;3;3
D:/GitHub/Datasets/Cifar10/train/bird/bird_0410.png;3;3
D:/GitHub/Datasets/Cifar10/train/bird/bird_0411.png;3;3
D:/GitHub/Datasets/Cifar10/train/bird/bird_0412.png;3;3
D:/GitHub/Datasets/Cifar10/train/bird/bird_0413.png;3;3
D:/GitHub/Datasets/Cifar10/train/bird/bird_0414.png;3;3
D:/GitHub/Datasets/Cifar10/train/bird/bird_0415.png;3;3
D:/GitHub/Datasets/Cifar10/train/bird/bird_0416.png;3;3
D:/GitHub/Datasets/Cifar10/train/bird/bird_0417.png;3;3
D:/GitHub/Datasets/Cifar10/train/bird/bird_0418.png;3;3
D:/GitHub/Datasets/Cifar10/train/bird/bird_0419.png;3;3
D:/GitHub/Datasets/Cifar10/train/bird/bird_0420.png;3;3
D:/GitHub/Datasets/Cifar10/train/bird/bird_0421.png;3;3
D:/GitHub/Datasets/Cifar10/train/bird/bird_0422.png;3;3
D:/GitHub/Datasets/Cifar10/train/bird/bird_0423.png;3;3
D:/GitHub/Datasets/Cifar10/train/bird/bird_0424.png;3;3
D:/GitHub/Datasets/Cifar10/train/bird/bird_0425.png;3;3
D:/GitHub/Datasets/Cifar10/train/bird/bird_0426.png;3;3
D:/GitHub/Datasets/Cifar10/train/bird/bird_0427.png;3;3
D:/GitHub/Datasets/Cifar10/train/bird/bird_0428.png;3;3
D:/GitHub/Datasets/Cifar10/train/bird/bird_0429.png;3;3
D:/GitHub/Datasets/Cifar10/train/bird/bird_0430.png;3;3
D:/GitHub/Datasets/Cifar10/train/bird/bird_0431.png;3;3
D:/GitHub/Datasets/Cifar10/train/bird/bird_0432.png;3;3
D:/GitHub/Datasets/Cifar10/train/bird/bird_0433.png;3;3
D:/GitHub/Datasets/Cifar10/train/bird/bird_0434.png;3;3
D:/GitHub/Datasets/Cifar10/train/bird/bird_0435.png;3;3
D:/GitHub/Datasets/Cifar10/train/bird/bird_0436.png;3;3
D:/GitHub/Datasets/Cifar10/train/bird/bird_0437.png;3;3
D:/GitHub/Datasets/Cifar10/train/bird/bird_0438.png;3;3
D:/GitHub/Datasets/Cifar10/train/bird/bird_0439.png;3;3
D:/GitHub/Datasets/Cifar10/train/bird/bird_0440.png;3;3
D:/GitHub/Datasets/Cifar10/train/bird/bird_0441.png;3;3
D:/GitHub/Datasets/Cifar10/train/bird/bird_0442.png;3;3
D:/GitHub/Datasets/Cifar10/train/bird/bird_0443.png;3;3
D:/GitHub/Datasets/Cifar10/train/bird/bird_0444.png;3;3
D:/GitHub/Datasets/Cifar10/train/bird/bird_0445.png;3;3
D:/GitHub/Datasets/Cifar10/train/bird/bird_0446.png;3;3
D:/GitHub/Datasets/Cifar10/train/bird/bird_0447.png;3;3
D:/GitHub/Datasets/Cifar10/train/bird/bird_0448.png;3;3
D:/GitHub/Datasets/Cifar10/train/bird/bird_0449.png;3;3
D:/GitHub/Datasets/Cifar10/train/bird/bird_0450.png;3;3
D:/GitHub/Datasets/Cifar10/train/bird/bird_0451.png;3;3
D:/GitHub/Datasets/Cifar10/train/bird/bird_0452.png;3;3
D:/GitHub/Datasets/Cifar10/train/bird/bird_0453.png;3;3
D:/GitHub/Datasets/Cifar10/train/bird/bird_0454.png;3;3
D:/GitHub/Datasets/Cifar10/train/bird/bird_0455.png;3;3
D:/GitHub/Datasets/Cifar10/train/bird/bird_0456.png;3;3
D:/GitHub/Datasets/Cifar10/train/bird/bird_0457.png;3;3
D:/GitHub/Datasets/Cifar10/train/bird/bird_0458.png;3;3
D:/GitHub/Datasets/Cifar10/train/bird/bird_0459.png;3;3
D:/GitHub/Datasets/Cifar10/train/bird/bird_0460.png;3;3
D:/GitHub/Datasets/Cifar10/train/bird/bird_0461.png;3;3
D:/GitHub/Datasets/Cifar10/train/bird/bird_0462.png;3;3
D:/GitHub/Datasets/Cifar10/train/bird/bird_0463.png;3;3
D:/GitHub/Datasets/Cifar10/train/bird/bird_0464.png;3;3
D:/GitHub/Datasets/Cifar10/train/bird/bird_0465.png;3;3
D:/GitHub/Datasets/Cifar10/train/bird/bird_0466.png;3;3
D:/GitHub/Datasets/Cifar10/train/bird/bird_0467.png;3;3
D:/GitHub/Datasets/Cifar10/train/bird/bird_0468.png;3;3
D:/GitHub/Datasets/Cifar10/train/bird/bird_0469.png;3;3
D:/GitHub/Datasets/Cifar10/train/bird/bird_0470.png;3;3
D:/GitHub/Datasets/Cifar10/train/bird/bird_0471.png;3;3
D:/GitHub/Datasets/Cifar10/train/bird/bird_0472.png;3;3
D:/GitHub/Datasets/Cifar10/train/bird/bird_0473.png;3;3
D:/GitHub/Datasets/Cifar10/train/bird/bird_0474.png;3;3
D:/GitHub/Datasets/Cifar10/train/bird/bird_0475.png;3;3
D:/GitHub/Datasets/Cifar10/train/bird/bird_0476.png;3;3
D:/GitHub/Datasets/Cifar10/train/bird/bird_0477.png;3;3
D:/GitHub/Datasets/Cifar10/train/bird/bird_0478.png;3;3
D:/GitHub/Datasets/Cifar10/train/bird/bird_0479.png;3;3
D:/GitHub/Datasets/Cifar10/train/bird/bird_0480.png;3;3
D:/GitHub/Datasets/Cifar10/train/bird/bird_0481.png;3;3
D:/GitHub/Datasets/Cifar10/train/bird/bird_0482.png;3;3
D:/GitHub/Datasets/Cifar10/train/bird/bird_0483.png;3;3
D:/GitHub/Datasets/Cifar10/train/bird/bird_0484.png;3;3
D:/GitHub/Datasets/Cifar10/train/bird/bird_0485.png;3;3
D:/GitHub/Datasets/Cifar10/train/bird/bird_0486.png;3;3
D:/GitHub/Datasets/Cifar10/train/bird/bird_0487.png;3;3
D:/GitHub/Datasets/Cifar10/train/bird/bird_0488.png;3;3
D:/GitHub/Datasets/Cifar10/train/bird/bird_0489.png;3;3
D:/GitHub/Datasets/Cifar10/train/bird/bird_0490.png;3;3
D:/GitHub/Datasets/Cifar10/train/bird/bird_0491.png;3;3
D:/GitHub/Datasets/Cifar10/train/bird/bird_0492.png;3;3
D:/GitHub/Datasets/Cifar10/train/bird/bird_0493.png;3;3
D:/GitHub/Datasets/Cifar10/train/bird/bird_0494.png;3;3
D:/GitHub/Datasets/Cifar10/train/bird/bird_0495.png;3;3
D:/GitHub/Datasets/Cifar10/train/bird/bird_0496.png;3;3
D:/GitHub/Datasets/Cifar10/train/bird/bird_0497.png;3;3
D:/GitHub/Datasets/Cifar10/train/bird/bird_0498.png;3;3
D:/GitHub/Datasets/Cifar10/train/bird/bird_0499.png;3;3
D:/GitHub/Datasets/Cifar10/train/bird/bird_0500.png;3;3
D:/GitHub/Datasets/Cifar10/train/bird/bird_0501.png;3;3
D:/GitHub/Datasets/Cifar10/train/bird/bird_0502.png;3;3
D:/GitHub/Datasets/Cifar10/train/bird/bird_0503.png;3;3
D:/GitHub/Datasets/Cifar10/train/bird/bird_0504.png;3;3
D:/GitHub/Datasets/Cifar10/train/bird/bird_0505.png;3;3
D:/GitHub/Datasets/Cifar10/train/bird/bird_0506.png;3;3
D:/GitHub/Datasets/Cifar10/train/bird/bird_0507.png;3;3
D:/GitHub/Datasets/Cifar10/train/bird/bird_0508.png;3;3
D:/GitHub/Datasets/Cifar10/train/bird/bird_0509.png;3;3
D:/GitHub/Datasets/Cifar10/train/bird/bird_0510.png;3;3
D:/GitHub/Datasets/Cifar10/train/bird/bird_0511.png;3;3
D:/GitHub/Datasets/Cifar10/train/bird/bird_0512.png;3;3
D:/GitHub/Datasets/Cifar10/train/bird/bird_0513.png;3;3
D:/GitHub/Datasets/Cifar10/train/bird/bird_0514.png;3;3
D:/GitHub/Datasets/Cifar10/train/bird/bird_0515.png;3;3
D:/GitHub/Datasets/Cifar10/train/bird/bird_0516.png;3;3
D:/GitHub/Datasets/Cifar10/train/bird/bird_0517.png;3;3
D:/GitHub/Datasets/Cifar10/train/bird/bird_0518.png;3;3
D:/GitHub/Datasets/Cifar10/train/bird/bird_0519.png;3;3
D:/GitHub/Datasets/Cifar10/train/bird/bird_0520.png;3;3
D:/GitHub/Datasets/Cifar10/train/bird/bird_0521.png;3;3
D:/GitHub/Datasets/Cifar10/train/bird/bird_0522.png;3;3
D:/GitHub/Datasets/Cifar10/train/bird/bird_0523.png;3;3
D:/GitHub/Datasets/Cifar10/train/bird/bird_0524.png;3;3
D:/GitHub/Datasets/Cifar10/train/bird/bird_0525.png;3;3
D:/GitHub/Datasets/Cifar10/train/bird/bird_0526.png;3;3
D:/GitHub/Datasets/Cifar10/train/bird/bird_0527.png;3;3
D:/GitHub/Datasets/Cifar10/train/bird/bird_0528.png;3;3
D:/GitHub/Datasets/Cifar10/train/bird/bird_0529.png;3;3
D:/GitHub/Datasets/Cifar10/train/bird/bird_0530.png;3;3
D:/GitHub/Datasets/Cifar10/train/bird/bird_0531.png;3;3
D:/GitHub/Datasets/Cifar10/train/bird/bird_0532.png;3;3
D:/GitHub/Datasets/Cifar10/train/bird/bird_0533.png;3;3
D:/GitHub/Datasets/Cifar10/train/bird/bird_0534.png;3;3
D:/GitHub/Datasets/Cifar10/train/bird/bird_0535.png;3;3
D:/GitHub/Datasets/Cifar10/train/bird/bird_0536.png;3;3
D:/GitHub/Datasets/Cifar10/train/bird/bird_0537.png;3;3
D:/GitHub/Datasets/Cifar10/train/bird/bird_0538.png;3;3
D:/GitHub/Datasets/Cifar10/train/bird/bird_0539.png;3;3
D:/GitHub/Datasets/Cifar10/train/bird/bird_0540.png;3;3
D:/GitHub/Datasets/Cifar10/train/bird/bird_0541.png;3;3
D:/GitHub/Datasets/Cifar10/train/bird/bird_0542.png;3;3
D:/GitHub/Datasets/Cifar10/train/bird/bird_0543.png;3;3
D:/GitHub/Datasets/Cifar10/train/bird/bird_0544.png;3;3
D:/GitHub/Datasets/Cifar10/train/bird/bird_0545.png;3;3
D:/GitHub/Datasets/Cifar10/train/bird/bird_0546.png;3;3
D:/GitHub/Datasets/Cifar10/train/bird/bird_0547.png;3;3
D:/GitHub/Datasets/Cifar10/train/bird/bird_0548.png;3;3
D:/GitHub/Datasets/Cifar10/train/bird/bird_0549.png;3;3
D:/GitHub/Datasets/Cifar10/train/bird/bird_0550.png;3;3
D:/GitHub/Datasets/Cifar10/train/bird/bird_0551.png;3;3
D:/GitHub/Datasets/Cifar10/train/bird/bird_0552.png;3;3
D:/GitHub/Datasets/Cifar10/train/bird/bird_0553.png;3;3
D:/GitHub/Datasets/Cifar10/train/bird/bird_0554.png;3;3
D:/GitHub/Datasets/Cifar10/train/bird/bird_0555.png;3;3
D:/GitHub/Datasets/Cifar10/train/bird/bird_0556.png;3;3
D:/GitHub/Datasets/Cifar10/train/bird/bird_0557.png;3;3
D:/GitHub/Datasets/Cifar10/train/bird/bird_0558.png;3;3
D:/GitHub/Datasets/Cifar10/train/bird/bird_0559.png;3;3
D:/GitHub/Datasets/Cifar10/train/bird/bird_0560.png;3;3
D:/GitHub/Datasets/Cifar10/train/bird/bird_0561.png;3;3
D:/GitHub/Datasets/Cifar10/train/bird/bird_0562.png;3;3
D:/GitHub/Datasets/Cifar10/train/bird/bird_0563.png;3;3
D:/GitHub/Datasets/Cifar10/train/bird/bird_0564.png;3;3
D:/GitHub/Datasets/Cifar10/train/bird/bird_0565.png;3;3
D:/GitHub/Datasets/Cifar10/train/bird/bird_0566.png;3;3
D:/GitHub/Datasets/Cifar10/train/bird/bird_0567.png;3;3
D:/GitHub/Datasets/Cifar10/train/bird/bird_0568.png;3;3
D:/GitHub/Datasets/Cifar10/train/bird/bird_0569.png;3;3
D:/GitHub/Datasets/Cifar10/train/bird/bird_0570.png;3;3
D:/GitHub/Datasets/Cifar10/train/bird/bird_0571.png;3;3
D:/GitHub/Datasets/Cifar10/train/bird/bird_0572.png;3;3
D:/GitHub/Datasets/Cifar10/train/bird/bird_0573.png;3;3
D:/GitHub/Datasets/Cifar10/train/bird/bird_0574.png;3;3
D:/GitHub/Datasets/Cifar10/train/bird/bird_0575.png;3;3
D:/GitHub/Datasets/Cifar10/train/bird/bird_0576.png;3;3
D:/GitHub/Datasets/Cifar10/train/bird/bird_0577.png;3;3
D:/GitHub/Datasets/Cifar10/train/bird/bird_0578.png;3;3
D:/GitHub/Datasets/Cifar10/train/bird/bird_0579.png;3;3
D:/GitHub/Datasets/Cifar10/train/bird/bird_0580.png;3;3
D:/GitHub/Datasets/Cifar10/train/bird/bird_0581.png;3;3
D:/GitHub/Datasets/Cifar10/train/bird/bird_0582.png;3;3
D:/GitHub/Datasets/Cifar10/train/bird/bird_0583.png;3;3
D:/GitHub/Datasets/Cifar10/train/bird/bird_0584.png;3;3
D:/GitHub/Datasets/Cifar10/train/bird/bird_0585.png;3;3
D:/GitHub/Datasets/Cifar10/train/bird/bird_0586.png;3;3
D:/GitHub/Datasets/Cifar10/train/bird/bird_0587.png;3;3
D:/GitHub/Datasets/Cifar10/train/bird/bird_0588.png;3;3
D:/GitHub/Datasets/Cifar10/train/bird/bird_0589.png;3;3
D:/GitHub/Datasets/Cifar10/train/bird/bird_0590.png;3;3
D:/GitHub/Datasets/Cifar10/train/bird/bird_0591.png;3;3
D:/GitHub/Datasets/Cifar10/train/bird/bird_0592.png;3;3
D:/GitHub/Datasets/Cifar10/train/bird/bird_0593.png;3;3
D:/GitHub/Datasets/Cifar10/train/bird/bird_0594.png;3;3
D:/GitHub/Datasets/Cifar10/train/bird/bird_0595.png;3;3
D:/GitHub/Datasets/Cifar10/train/bird/bird_0596.png;3;3
D:/GitHub/Datasets/Cifar10/train/bird/bird_0597.png;3;3
D:/GitHub/Datasets/Cifar10/train/bird/bird_0598.png;3;3
D:/GitHub/Datasets/Cifar10/train/bird/bird_0599.png;3;3
D:/GitHub/Datasets/Cifar10/train/bird/bird_0600.png;3;3
D:/GitHub/Datasets/Cifar10/train/bird/bird_0601.png;3;3
D:/GitHub/Datasets/Cifar10/train/bird/bird_0602.png;3;3
D:/GitHub/Datasets/Cifar10/train/bird/bird_0603.png;3;3
D:/GitHub/Datasets/Cifar10/train/bird/bird_0604.png;3;3
D:/GitHub/Datasets/Cifar10/train/bird/bird_0605.png;3;3
D:/GitHub/Datasets/Cifar10/train/bird/bird_0606.png;3;3
D:/GitHub/Datasets/Cifar10/train/bird/bird_0607.png;3;3
D:/GitHub/Datasets/Cifar10/train/bird/bird_0608.png;3;3
D:/GitHub/Datasets/Cifar10/train/bird/bird_0609.png;3;3
D:/GitHub/Datasets/Cifar10/train/bird/bird_0610.png;3;3
D:/GitHub/Datasets/Cifar10/train/bird/bird_0611.png;3;3
D:/GitHub/Datasets/Cifar10/train/bird/bird_0612.png;3;3
D:/GitHub/Datasets/Cifar10/train/bird/bird_0613.png;3;3
D:/GitHub/Datasets/Cifar10/train/bird/bird_0614.png;3;3
D:/GitHub/Datasets/Cifar10/train/bird/bird_0615.png;3;3
D:/GitHub/Datasets/Cifar10/train/bird/bird_0616.png;3;3
D:/GitHub/Datasets/Cifar10/train/bird/bird_0617.png;3;3
D:/GitHub/Datasets/Cifar10/train/bird/bird_0618.png;3;3
D:/GitHub/Datasets/Cifar10/train/bird/bird_0619.png;3;3
D:/GitHub/Datasets/Cifar10/train/bird/bird_0620.png;3;3
D:/GitHub/Datasets/Cifar10/train/bird/bird_0621.png;3;3
D:/GitHub/Datasets/Cifar10/train/bird/bird_0622.png;3;3
D:/GitHub/Datasets/Cifar10/train/bird/bird_0623.png;3;3
D:/GitHub/Datasets/Cifar10/train/bird/bird_0624.png;3;3
D:/GitHub/Datasets/Cifar10/train/bird/bird_0625.png;3;3
D:/GitHub/Datasets/Cifar10/train/bird/bird_0626.png;3;3
D:/GitHub/Datasets/Cifar10/train/bird/bird_0627.png;3;3
D:/GitHub/Datasets/Cifar10/train/bird/bird_0628.png;3;3
D:/GitHub/Datasets/Cifar10/train/bird/bird_0629.png;3;3
D:/GitHub/Datasets/Cifar10/train/bird/bird_0630.png;3;3
D:/GitHub/Datasets/Cifar10/train/bird/bird_0631.png;3;3
D:/GitHub/Datasets/Cifar10/train/bird/bird_0632.png;3;3
D:/GitHub/Datasets/Cifar10/train/bird/bird_0633.png;3;3
D:/GitHub/Datasets/Cifar10/train/bird/bird_0634.png;3;3
D:/GitHub/Datasets/Cifar10/train/bird/bird_0635.png;3;3
D:/GitHub/Datasets/Cifar10/train/bird/bird_0636.png;3;3
D:/GitHub/Datasets/Cifar10/train/bird/bird_0637.png;3;3
D:/GitHub/Datasets/Cifar10/train/bird/bird_0638.png;3;3
D:/GitHub/Datasets/Cifar10/train/bird/bird_0639.png;3;3
D:/GitHub/Datasets/Cifar10/train/bird/bird_0640.png;3;3
D:/GitHub/Datasets/Cifar10/train/bird/bird_0641.png;3;3
D:/GitHub/Datasets/Cifar10/train/bird/bird_0642.png;3;3
D:/GitHub/Datasets/Cifar10/train/bird/bird_0643.png;3;3
D:/GitHub/Datasets/Cifar10/train/bird/bird_0644.png;3;3
D:/GitHub/Datasets/Cifar10/train/bird/bird_0645.png;3;3
D:/GitHub/Datasets/Cifar10/train/bird/bird_0646.png;3;3
D:/GitHub/Datasets/Cifar10/train/bird/bird_0647.png;3;3
D:/GitHub/Datasets/Cifar10/train/bird/bird_0648.png;3;3
D:/GitHub/Datasets/Cifar10/train/bird/bird_0649.png;3;3
D:/GitHub/Datasets/Cifar10/train/bird/bird_0650.png;3;3
D:/GitHub/Datasets/Cifar10/train/bird/bird_0651.png;3;3
D:/GitHub/Datasets/Cifar10/train/bird/bird_0652.png;3;3
D:/GitHub/Datasets/Cifar10/train/bird/bird_0653.png;3;3
D:/GitHub/Datasets/Cifar10/train/bird/bird_0654.png;3;3
D:/GitHub/Datasets/Cifar10/train/bird/bird_0655.png;3;3
D:/GitHub/Datasets/Cifar10/train/bird/bird_0656.png;3;3
D:/GitHub/Datasets/Cifar10/train/bird/bird_0657.png;3;3
D:/GitHub/Datasets/Cifar10/train/bird/bird_0658.png;3;3
D:/GitHub/Datasets/Cifar10/train/bird/bird_0659.png;3;3
D:/GitHub/Datasets/Cifar10/train/bird/bird_0660.png;3;3
D:/GitHub/Datasets/Cifar10/train/bird/bird_0661.png;3;3
D:/GitHub/Datasets/Cifar10/train/bird/bird_0662.png;3;3
D:/GitHub/Datasets/Cifar10/train/bird/bird_0663.png;3;3
D:/GitHub/Datasets/Cifar10/train/bird/bird_0664.png;3;3
D:/GitHub/Datasets/Cifar10/train/bird/bird_0665.png;3;3
D:/GitHub/Datasets/Cifar10/train/bird/bird_0666.png;3;3
D:/GitHub/Datasets/Cifar10/train/bird/bird_0667.png;3;3
D:/GitHub/Datasets/Cifar10/train/bird/bird_0668.png;3;3
D:/GitHub/Datasets/Cifar10/train/bird/bird_0669.png;3;3
D:/GitHub/Datasets/Cifar10/train/bird/bird_0670.png;3;3
D:/GitHub/Datasets/Cifar10/train/bird/bird_0671.png;3;3
D:/GitHub/Datasets/Cifar10/train/bird/bird_0672.png;3;3
D:/GitHub/Datasets/Cifar10/train/bird/bird_0673.png;3;3
D:/GitHub/Datasets/Cifar10/train/bird/bird_0674.png;3;3
D:/GitHub/Datasets/Cifar10/train/bird/bird_0675.png;3;3
D:/GitHub/Datasets/Cifar10/train/bird/bird_0676.png;3;3
D:/GitHub/Datasets/Cifar10/train/bird/bird_0677.png;3;3
D:/GitHub/Datasets/Cifar10/train/bird/bird_0678.png;3;3
D:/GitHub/Datasets/Cifar10/train/bird/bird_0679.png;3;3
D:/GitHub/Datasets/Cifar10/train/bird/bird_0680.png;3;3
D:/GitHub/Datasets/Cifar10/train/bird/bird_0681.png;3;3
D:/GitHub/Datasets/Cifar10/train/bird/bird_0682.png;3;3
D:/GitHub/Datasets/Cifar10/train/bird/bird_0683.png;3;3
D:/GitHub/Datasets/Cifar10/train/bird/bird_0684.png;3;3
D:/GitHub/Datasets/Cifar10/train/bird/bird_0685.png;3;3
D:/GitHub/Datasets/Cifar10/train/bird/bird_0686.png;3;3
D:/GitHub/Datasets/Cifar10/train/bird/bird_0687.png;3;3
D:/GitHub/Datasets/Cifar10/train/bird/bird_0688.png;3;3
D:/GitHub/Datasets/Cifar10/train/bird/bird_0689.png;3;3
D:/GitHub/Datasets/Cifar10/train/bird/bird_0690.png;3;3
D:/GitHub/Datasets/Cifar10/train/bird/bird_0691.png;3;3
D:/GitHub/Datasets/Cifar10/train/bird/bird_0692.png;3;3
D:/GitHub/Datasets/Cifar10/train/bird/bird_0693.png;3;3
D:/GitHub/Datasets/Cifar10/train/bird/bird_0694.png;3;3
D:/GitHub/Datasets/Cifar10/train/bird/bird_0695.png;3;3
D:/GitHub/Datasets/Cifar10/train/bird/bird_0696.png;3;3
D:/GitHub/Datasets/Cifar10/train/bird/bird_0697.png;3;3
D:/GitHub/Datasets/Cifar10/train/bird/bird_0698.png;3;3
D:/GitHub/Datasets/Cifar10/train/bird/bird_0699.png;3;3
D:/GitHub/Datasets/Cifar10/train/bird/bird_0700.png;3;3
D:/GitHub/Datasets/Cifar10/train/bird/bird_0701.png;3;3
D:/GitHub/Datasets/Cifar10/train/bird/bird_0702.png;3;3
D:/GitHub/Datasets/Cifar10/train/bird/bird_0703.png;3;3
D:/GitHub/Datasets/Cifar10/train/bird/bird_0704.png;3;3
D:/GitHub/Datasets/Cifar10/train/bird/bird_0705.png;3;3
D:/GitHub/Datasets/Cifar10/train/bird/bird_0706.png;3;3
D:/GitHub/Datasets/Cifar10/train/bird/bird_0707.png;3;3
D:/GitHub/Datasets/Cifar10/train/bird/bird_0708.png;3;3
D:/GitHub/Datasets/Cifar10/train/bird/bird_0709.png;3;3
D:/GitHub/Datasets/Cifar10/train/bird/bird_0710.png;3;3
D:/GitHub/Datasets/Cifar10/train/bird/bird_0711.png;3;3
D:/GitHub/Datasets/Cifar10/train/bird/bird_0712.png;3;3
D:/GitHub/Datasets/Cifar10/train/bird/bird_0713.png;3;3
D:/GitHub/Datasets/Cifar10/train/bird/bird_0714.png;3;3
D:/GitHub/Datasets/Cifar10/train/bird/bird_0715.png;3;3
D:/GitHub/Datasets/Cifar10/train/bird/bird_0716.png;3;3
D:/GitHub/Datasets/Cifar10/train/bird/bird_0717.png;3;3
D:/GitHub/Datasets/Cifar10/train/bird/bird_0718.png;3;3
D:/GitHub/Datasets/Cifar10/train/bird/bird_0719.png;3;3
D:/GitHub/Datasets/Cifar10/train/bird/bird_0720.png;3;3
D:/GitHub/Datasets/Cifar10/train/bird/bird_0721.png;3;3
D:/GitHub/Datasets/Cifar10/train/bird/bird_0722.png;3;3
D:/GitHub/Datasets/Cifar10/train/bird/bird_0723.png;3;3
D:/GitHub/Datasets/Cifar10/train/bird/bird_0724.png;3;3
D:/GitHub/Datasets/Cifar10/train/bird/bird_0725.png;3;3
D:/GitHub/Datasets/Cifar10/train/bird/bird_0726.png;3;3
D:/GitHub/Datasets/Cifar10/train/bird/bird_0727.png;3;3
D:/GitHub/Datasets/Cifar10/train/bird/bird_0728.png;3;3
D:/GitHub/Datasets/Cifar10/train/bird/bird_0729.png;3;3
D:/GitHub/Datasets/Cifar10/train/bird/bird_0730.png;3;3
D:/GitHub/Datasets/Cifar10/train/bird/bird_0731.png;3;3
D:/GitHub/Datasets/Cifar10/train/bird/bird_0732.png;3;3
D:/GitHub/Datasets/Cifar10/train/bird/bird_0733.png;3;3
D:/GitHub/Datasets/Cifar10/train/bird/bird_0734.png;3;3
D:/GitHub/Datasets/Cifar10/train/bird/bird_0735.png;3;3
D:/GitHub/Datasets/Cifar10/train/bird/bird_0736.png;3;3
D:/GitHub/Datasets/Cifar10/train/bird/bird_0737.png;3;3
D:/GitHub/Datasets/Cifar10/train/bird/bird_0738.png;3;3
D:/GitHub/Datasets/Cifar10/train/bird/bird_0739.png;3;3
D:/GitHub/Datasets/Cifar10/train/bird/bird_0740.png;3;3
D:/GitHub/Datasets/Cifar10/train/bird/bird_0741.png;3;3
D:/GitHub/Datasets/Cifar10/train/bird/bird_0742.png;3;3
D:/GitHub/Datasets/Cifar10/train/bird/bird_0743.png;3;3
D:/GitHub/Datasets/Cifar10/train/bird/bird_0744.png;3;3
D:/GitHub/Datasets/Cifar10/train/bird/bird_0745.png;3;3
D:/GitHub/Datasets/Cifar10/train/bird/bird_0746.png;3;3
D:/GitHub/Datasets/Cifar10/train/bird/bird_0747.png;3;3
D:/GitHub/Datasets/Cifar10/train/bird/bird_0748.png;3;3
D:/GitHub/Datasets/Cifar10/train/bird/bird_0749.png;3;3
D:/GitHub/Datasets/Cifar10/train/bird/bird_0750.png;3;3
D:/GitHub/Datasets/Cifar10/train/bird/bird_0751.png;3;3
D:/GitHub/Datasets/Cifar10/train/bird/bird_0752.png;3;3
D:/GitHub/Datasets/Cifar10/train/bird/bird_0753.png;3;3
D:/GitHub/Datasets/Cifar10/train/bird/bird_0754.png;3;3
D:/GitHub/Datasets/Cifar10/train/bird/bird_0755.png;3;3
D:/GitHub/Datasets/Cifar10/train/bird/bird_0756.png;3;3
D:/GitHub/Datasets/Cifar10/train/bird/bird_0757.png;3;3
D:/GitHub/Datasets/Cifar10/train/bird/bird_0758.png;3;3
D:/GitHub/Datasets/Cifar10/train/bird/bird_0759.png;3;3
D:/GitHub/Datasets/Cifar10/train/bird/bird_0760.png;3;3
D:/GitHub/Datasets/Cifar10/train/bird/bird_0761.png;3;3
D:/GitHub/Datasets/Cifar10/train/bird/bird_0762.png;3;3
D:/GitHub/Datasets/Cifar10/train/bird/bird_0763.png;3;3
D:/GitHub/Datasets/Cifar10/train/bird/bird_0764.png;3;3
D:/GitHub/Datasets/Cifar10/train/bird/bird_0765.png;3;3
D:/GitHub/Datasets/Cifar10/train/bird/bird_0766.png;3;3
D:/GitHub/Datasets/Cifar10/train/bird/bird_0767.png;3;3
D:/GitHub/Datasets/Cifar10/train/bird/bird_0768.png;3;3
D:/GitHub/Datasets/Cifar10/train/bird/bird_0769.png;3;3
D:/GitHub/Datasets/Cifar10/train/bird/bird_0770.png;3;3
D:/GitHub/Datasets/Cifar10/train/bird/bird_0771.png;3;3
D:/GitHub/Datasets/Cifar10/train/bird/bird_0772.png;3;3
D:/GitHub/Datasets/Cifar10/train/bird/bird_0773.png;3;3
D:/GitHub/Datasets/Cifar10/train/bird/bird_0774.png;3;3
D:/GitHub/Datasets/Cifar10/train/bird/bird_0775.png;3;3
D:/GitHub/Datasets/Cifar10/train/bird/bird_0776.png;3;3
D:/GitHub/Datasets/Cifar10/train/bird/bird_0777.png;3;3
D:/GitHub/Datasets/Cifar10/train/bird/bird_0778.png;3;3
D:/GitHub/Datasets/Cifar10/train/bird/bird_0779.png;3;3
D:/GitHub/Datasets/Cifar10/train/bird/bird_0780.png;3;3
D:/GitHub/Datasets/Cifar10/train/bird/bird_0781.png;3;3
D:/GitHub/Datasets/Cifar10/train/bird/bird_0782.png;3;3
D:/GitHub/Datasets/Cifar10/train/bird/bird_0783.png;3;3
D:/GitHub/Datasets/Cifar10/train/bird/bird_0784.png;3;3
D:/GitHub/Datasets/Cifar10/train/bird/bird_0785.png;3;3
D:/GitHub/Datasets/Cifar10/train/bird/bird_0786.png;3;3
D:/GitHub/Datasets/Cifar10/train/bird/bird_0787.png;3;3
D:/GitHub/Datasets/Cifar10/train/bird/bird_0788.png;3;3
D:/GitHub/Datasets/Cifar10/train/bird/bird_0789.png;3;3
D:/GitHub/Datasets/Cifar10/train/bird/bird_0790.png;3;3
D:/GitHub/Datasets/Cifar10/train/bird/bird_0791.png;3;3
D:/GitHub/Datasets/Cifar10/train/bird/bird_0792.png;3;3
D:/GitHub/Datasets/Cifar10/train/bird/bird_0793.png;3;3
D:/GitHub/Datasets/Cifar10/train/bird/bird_0794.png;3;3
D:/GitHub/Datasets/Cifar10/train/bird/bird_0795.png;3;3
D:/GitHub/Datasets/Cifar10/train/bird/bird_0796.png;3;3
D:/GitHub/Datasets/Cifar10/train/bird/bird_0797.png;3;3
D:/GitHub/Datasets/Cifar10/train/bird/bird_0798.png;3;3
D:/GitHub/Datasets/Cifar10/train/bird/bird_0799.png;3;3
D:/GitHub/Datasets/Cifar10/train/bird/bird_0800.png;3;3
D:/GitHub/Datasets/Cifar10/train/bird/bird_0801.png;3;3
D:/GitHub/Datasets/Cifar10/train/bird/bird_0802.png;3;3
D:/GitHub/Datasets/Cifar10/train/bird/bird_0803.png;3;3
D:/GitHub/Datasets/Cifar10/train/bird/bird_0804.png;3;3
D:/GitHub/Datasets/Cifar10/train/bird/bird_0805.png;3;3
D:/GitHub/Datasets/Cifar10/train/bird/bird_0806.png;3;3
D:/GitHub/Datasets/Cifar10/train/bird/bird_0807.png;3;3
D:/GitHub/Datasets/Cifar10/train/bird/bird_0808.png;3;3
D:/GitHub/Datasets/Cifar10/train/bird/bird_0809.png;3;3
D:/GitHub/Datasets/Cifar10/train/bird/bird_0810.png;3;3
D:/GitHub/Datasets/Cifar10/train/bird/bird_0811.png;3;3
D:/GitHub/Datasets/Cifar10/train/bird/bird_0812.png;3;3
D:/GitHub/Datasets/Cifar10/train/bird/bird_0813.png;3;3
D:/GitHub/Datasets/Cifar10/train/bird/bird_0814.png;3;3
D:/GitHub/Datasets/Cifar10/train/bird/bird_0815.png;3;3
D:/GitHub/Datasets/Cifar10/train/bird/bird_0816.png;3;3
D:/GitHub/Datasets/Cifar10/train/bird/bird_0817.png;3;3
D:/GitHub/Datasets/Cifar10/train/bird/bird_0818.png;3;3
D:/GitHub/Datasets/Cifar10/train/bird/bird_0819.png;3;3
D:/GitHub/Datasets/Cifar10/train/bird/bird_0820.png;3;3
D:/GitHub/Datasets/Cifar10/train/bird/bird_0821.png;3;3
D:/GitHub/Datasets/Cifar10/train/bird/bird_0822.png;3;3
D:/GitHub/Datasets/Cifar10/train/bird/bird_0823.png;3;3
D:/GitHub/Datasets/Cifar10/train/bird/bird_0824.png;3;3
D:/GitHub/Datasets/Cifar10/train/bird/bird_0825.png;3;3
D:/GitHub/Datasets/Cifar10/train/bird/bird_0826.png;3;3
D:/GitHub/Datasets/Cifar10/train/bird/bird_0827.png;3;3
D:/GitHub/Datasets/Cifar10/train/bird/bird_0828.png;3;3
D:/GitHub/Datasets/Cifar10/train/bird/bird_0829.png;3;3
D:/GitHub/Datasets/Cifar10/train/bird/bird_0830.png;3;3
D:/GitHub/Datasets/Cifar10/train/bird/bird_0831.png;3;3
D:/GitHub/Datasets/Cifar10/train/bird/bird_0832.png;3;3
D:/GitHub/Datasets/Cifar10/train/bird/bird_0833.png;3;3
D:/GitHub/Datasets/Cifar10/train/bird/bird_0834.png;3;3
D:/GitHub/Datasets/Cifar10/train/bird/bird_0835.png;3;3
D:/GitHub/Datasets/Cifar10/train/bird/bird_0836.png;3;3
D:/GitHub/Datasets/Cifar10/train/bird/bird_0837.png;3;3
D:/GitHub/Datasets/Cifar10/train/bird/bird_0838.png;3;3
D:/GitHub/Datasets/Cifar10/train/bird/bird_0839.png;3;3
D:/GitHub/Datasets/Cifar10/train/bird/bird_0840.png;3;3
D:/GitHub/Datasets/Cifar10/train/bird/bird_0841.png;3;3
D:/GitHub/Datasets/Cifar10/train/bird/bird_0842.png;3;3
D:/GitHub/Datasets/Cifar10/train/bird/bird_0843.png;3;3
D:/GitHub/Datasets/Cifar10/train/bird/bird_0844.png;3;3
D:/GitHub/Datasets/Cifar10/train/bird/bird_0845.png;3;3
D:/GitHub/Datasets/Cifar10/train/bird/bird_0846.png;3;3
D:/GitHub/Datasets/Cifar10/train/bird/bird_0847.png;3;3
D:/GitHub/Datasets/Cifar10/train/bird/bird_0848.png;3;3
D:/GitHub/Datasets/Cifar10/train/bird/bird_0849.png;3;3
D:/GitHub/Datasets/Cifar10/train/bird/bird_0850.png;3;3
D:/GitHub/Datasets/Cifar10/train/bird/bird_0851.png;3;3
D:/GitHub/Datasets/Cifar10/train/bird/bird_0852.png;3;3
D:/GitHub/Datasets/Cifar10/train/bird/bird_0853.png;3;3
D:/GitHub/Datasets/Cifar10/train/bird/bird_0854.png;3;3
D:/GitHub/Datasets/Cifar10/train/bird/bird_0855.png;3;3
D:/GitHub/Datasets/Cifar10/train/bird/bird_0856.png;3;3
D:/GitHub/Datasets/Cifar10/train/bird/bird_0857.png;3;3
D:/GitHub/Datasets/Cifar10/train/bird/bird_0858.png;3;3
D:/GitHub/Datasets/Cifar10/train/bird/bird_0859.png;3;3
D:/GitHub/Datasets/Cifar10/train/bird/bird_0860.png;3;3
D:/GitHub/Datasets/Cifar10/train/bird/bird_0861.png;3;3
D:/GitHub/Datasets/Cifar10/train/bird/bird_0862.png;3;3
D:/GitHub/Datasets/Cifar10/train/bird/bird_0863.png;3;3
D:/GitHub/Datasets/Cifar10/train/bird/bird_0864.png;3;3
D:/GitHub/Datasets/Cifar10/train/bird/bird_0865.png;3;3
D:/GitHub/Datasets/Cifar10/train/bird/bird_0866.png;3;3
D:/GitHub/Datasets/Cifar10/train/bird/bird_0867.png;3;3
D:/GitHub/Datasets/Cifar10/train/bird/bird_0868.png;3;3
D:/GitHub/Datasets/Cifar10/train/bird/bird_0869.png;3;3
D:/GitHub/Datasets/Cifar10/train/bird/bird_0870.png;3;3
D:/GitHub/Datasets/Cifar10/train/bird/bird_0871.png;3;3
D:/GitHub/Datasets/Cifar10/train/bird/bird_0872.png;3;3
D:/GitHub/Datasets/Cifar10/train/bird/bird_0873.png;3;3
D:/GitHub/Datasets/Cifar10/train/bird/bird_0874.png;3;3
D:/GitHub/Datasets/Cifar10/train/bird/bird_0875.png;3;3
D:/GitHub/Datasets/Cifar10/train/bird/bird_0876.png;3;3
D:/GitHub/Datasets/Cifar10/train/bird/bird_0877.png;3;3
D:/GitHub/Datasets/Cifar10/train/bird/bird_0878.png;3;3
D:/GitHub/Datasets/Cifar10/train/bird/bird_0879.png;3;3
D:/GitHub/Datasets/Cifar10/train/bird/bird_0880.png;3;3
D:/GitHub/Datasets/Cifar10/train/bird/bird_0881.png;3;3
D:/GitHub/Datasets/Cifar10/train/bird/bird_0882.png;3;3
D:/GitHub/Datasets/Cifar10/train/bird/bird_0883.png;3;3
D:/GitHub/Datasets/Cifar10/train/bird/bird_0884.png;3;3
D:/GitHub/Datasets/Cifar10/train/bird/bird_0885.png;3;3
D:/GitHub/Datasets/Cifar10/train/bird/bird_0886.png;3;3
D:/GitHub/Datasets/Cifar10/train/bird/bird_0887.png;3;3
D:/GitHub/Datasets/Cifar10/train/bird/bird_0888.png;3;3
D:/GitHub/Datasets/Cifar10/train/bird/bird_0889.png;3;3
D:/GitHub/Datasets/Cifar10/train/bird/bird_0890.png;3;3
D:/GitHub/Datasets/Cifar10/train/bird/bird_0891.png;3;3
D:/GitHub/Datasets/Cifar10/train/bird/bird_0892.png;3;3
D:/GitHub/Datasets/Cifar10/train/bird/bird_0893.png;3;3
D:/GitHub/Datasets/Cifar10/train/bird/bird_0894.png;3;3
D:/GitHub/Datasets/Cifar10/train/bird/bird_0895.png;3;3
D:/GitHub/Datasets/Cifar10/train/bird/bird_0896.png;3;3
D:/GitHub/Datasets/Cifar10/train/bird/bird_0897.png;3;3
D:/GitHub/Datasets/Cifar10/train/bird/bird_0898.png;3;3
D:/GitHub/Datasets/Cifar10/train/bird/bird_0899.png;3;3
D:/GitHub/Datasets/Cifar10/train/bird/bird_0900.png;3;3
D:/GitHub/Datasets/Cifar10/train/bird/bird_0901.png;3;3
D:/GitHub/Datasets/Cifar10/train/bird/bird_0902.png;3;3
D:/GitHub/Datasets/Cifar10/train/bird/bird_0903.png;3;3
D:/GitHub/Datasets/Cifar10/train/bird/bird_0904.png;3;3
D:/GitHub/Datasets/Cifar10/train/bird/bird_0905.png;3;3
D:/GitHub/Datasets/Cifar10/train/bird/bird_0906.png;3;3
D:/GitHub/Datasets/Cifar10/train/bird/bird_0907.png;3;3
D:/GitHub/Datasets/Cifar10/train/bird/bird_0908.png;3;3
D:/GitHub/Datasets/Cifar10/train/bird/bird_0909.png;3;3
D:/GitHub/Datasets/Cifar10/train/bird/bird_0910.png;3;3
D:/GitHub/Datasets/Cifar10/train/bird/bird_0911.png;3;3
D:/GitHub/Datasets/Cifar10/train/bird/bird_0912.png;3;3
D:/GitHub/Datasets/Cifar10/train/bird/bird_0913.png;3;3
D:/GitHub/Datasets/Cifar10/train/bird/bird_0914.png;3;3
D:/GitHub/Datasets/Cifar10/train/bird/bird_0915.png;3;3
D:/GitHub/Datasets/Cifar10/train/bird/bird_0916.png;3;3
D:/GitHub/Datasets/Cifar10/train/bird/bird_0917.png;3;3
D:/GitHub/Datasets/Cifar10/train/bird/bird_0918.png;3;3
D:/GitHub/Datasets/Cifar10/train/bird/bird_0919.png;3;3
D:/GitHub/Datasets/Cifar10/train/bird/bird_0920.png;3;3
D:/GitHub/Datasets/Cifar10/train/bird/bird_0921.png;3;3
D:/GitHub/Datasets/Cifar10/train/bird/bird_0922.png;3;3
D:/GitHub/Datasets/Cifar10/train/bird/bird_0923.png;3;3
D:/GitHub/Datasets/Cifar10/train/bird/bird_0924.png;3;3
D:/GitHub/Datasets/Cifar10/train/bird/bird_0925.png;3;3
D:/GitHub/Datasets/Cifar10/train/bird/bird_0926.png;3;3
D:/GitHub/Datasets/Cifar10/train/bird/bird_0927.png;3;3
D:/GitHub/Datasets/Cifar10/train/bird/bird_0928.png;3;3
D:/GitHub/Datasets/Cifar10/train/bird/bird_0929.png;3;3
D:/GitHub/Datasets/Cifar10/train/bird/bird_0930.png;3;3
D:/GitHub/Datasets/Cifar10/train/bird/bird_0931.png;3;3
D:/GitHub/Datasets/Cifar10/train/bird/bird_0932.png;3;3
D:/GitHub/Datasets/Cifar10/train/bird/bird_0933.png;3;3
D:/GitHub/Datasets/Cifar10/train/bird/bird_0934.png;3;3
D:/GitHub/Datasets/Cifar10/train/bird/bird_0935.png;3;3
D:/GitHub/Datasets/Cifar10/train/bird/bird_0936.png;3;3
D:/GitHub/Datasets/Cifar10/train/bird/bird_0937.png;3;3
D:/GitHub/Datasets/Cifar10/train/bird/bird_0938.png;3;3
D:/GitHub/Datasets/Cifar10/train/bird/bird_0939.png;3;3
D:/GitHub/Datasets/Cifar10/train/bird/bird_0940.png;3;3
D:/GitHub/Datasets/Cifar10/train/bird/bird_0941.png;3;3
D:/GitHub/Datasets/Cifar10/train/bird/bird_0942.png;3;3
D:/GitHub/Datasets/Cifar10/train/bird/bird_0943.png;3;3
D:/GitHub/Datasets/Cifar10/train/bird/bird_0944.png;3;3
D:/GitHub/Datasets/Cifar10/train/bird/bird_0945.png;3;3
D:/GitHub/Datasets/Cifar10/train/bird/bird_0946.png;3;3
D:/GitHub/Datasets/Cifar10/train/bird/bird_0947.png;3;3
D:/GitHub/Datasets/Cifar10/train/bird/bird_0948.png;3;3
D:/GitHub/Datasets/Cifar10/train/bird/bird_0949.png;3;3
D:/GitHub/Datasets/Cifar10/train/bird/bird_0950.png;3;3
D:/GitHub/Datasets/Cifar10/train/bird/bird_0951.png;3;3
D:/GitHub/Datasets/Cifar10/train/bird/bird_0952.png;3;3
D:/GitHub/Datasets/Cifar10/train/bird/bird_0953.png;3;3
D:/GitHub/Datasets/Cifar10/train/bird/bird_0954.png;3;3
D:/GitHub/Datasets/Cifar10/train/bird/bird_0955.png;3;3
D:/GitHub/Datasets/Cifar10/train/bird/bird_0956.png;3;3
D:/GitHub/Datasets/Cifar10/train/bird/bird_0957.png;3;3
D:/GitHub/Datasets/Cifar10/train/bird/bird_0958.png;3;3
D:/GitHub/Datasets/Cifar10/train/bird/bird_0959.png;3;3
D:/GitHub/Datasets/Cifar10/train/bird/bird_0960.png;3;3
D:/GitHub/Datasets/Cifar10/train/bird/bird_0961.png;3;3
D:/GitHub/Datasets/Cifar10/train/bird/bird_0962.png;3;3
D:/GitHub/Datasets/Cifar10/train/bird/bird_0963.png;3;3
D:/GitHub/Datasets/Cifar10/train/bird/bird_0964.png;3;3
D:/GitHub/Datasets/Cifar10/train/bird/bird_0965.png;3;3
D:/GitHub/Datasets/Cifar10/train/bird/bird_0966.png;3;3
D:/GitHub/Datasets/Cifar10/train/bird/bird_0967.png;3;3
D:/GitHub/Datasets/Cifar10/train/bird/bird_0968.png;3;3
D:/GitHub/Datasets/Cifar10/train/bird/bird_0969.png;3;3
D:/GitHub/Datasets/Cifar10/train/bird/bird_0970.png;3;3
D:/GitHub/Datasets/Cifar10/train/bird/bird_0971.png;3;3
D:/GitHub/Datasets/Cifar10/train/bird/bird_0972.png;3;3
D:/GitHub/Datasets/Cifar10/train/bird/bird_0973.png;3;3
D:/GitHub/Datasets/Cifar10/train/bird/bird_0974.png;3;3
D:/GitHub/Datasets/Cifar10/train/bird/bird_0975.png;3;3
D:/GitHub/Datasets/Cifar10/train/bird/bird_0976.png;3;3
D:/GitHub/Datasets/Cifar10/train/bird/bird_0977.png;3;3
D:/GitHub/Datasets/Cifar10/train/bird/bird_0978.png;3;3
D:/GitHub/Datasets/Cifar10/train/bird/bird_0979.png;3;3
D:/GitHub/Datasets/Cifar10/train/bird/bird_0980.png;3;3
D:/GitHub/Datasets/Cifar10/train/bird/bird_0981.png;3;3
D:/GitHub/Datasets/Cifar10/train/bird/bird_0982.png;3;3
D:/GitHub/Datasets/Cifar10/train/bird/bird_0983.png;3;3
D:/GitHub/Datasets/Cifar10/train/bird/bird_0984.png;3;3
D:/GitHub/Datasets/Cifar10/train/bird/bird_0985.png;3;3
D:/GitHub/Datasets/Cifar10/train/bird/bird_0986.png;3;3
D:/GitHub/Datasets/Cifar10/train/bird/bird_0987.png;3;3
D:/GitHub/Datasets/Cifar10/train/bird/bird_0988.png;3;3
D:/GitHub/Datasets/Cifar10/train/bird/bird_0989.png;3;3
D:/GitHub/Datasets/Cifar10/train/bird/bird_0990.png;3;3
D:/GitHub/Datasets/Cifar10/train/bird/bird_0991.png;3;3
D:/GitHub/Datasets/Cifar10/train/bird/bird_0992.png;3;3
D:/GitHub/Datasets/Cifar10/train/bird/bird_0993.png;3;3
D:/GitHub/Datasets/Cifar10/train/bird/bird_0994.png;3;3
D:/GitHub/Datasets/Cifar10/train/bird/bird_0995.png;3;3
D:/GitHub/Datasets/Cifar10/train/bird/bird_0996.png;3;3
D:/GitHub/Datasets/Cifar10/train/bird/bird_0997.png;3;3
D:/GitHub/Datasets/Cifar10/train/bird/bird_0998.png;3;3
D:/GitHub/Datasets/Cifar10/train/bird/bird_0999.png;3;3
D:/GitHub/Datasets/Cifar10/train/bird/bird_1000.png;3;3
D:/GitHub/Datasets/Cifar10/train/cat/cat_0450.png;4;4
